model,accuracy,precision,recall,f1_score,cv_mean,cv_std
Logistic Regression,0.6816666666666666,0.6502242152466368,0.562015503875969,0.6029106029106029,0.7195833333333332,0.024245560876626902
Random Forest,0.7083333333333334,0.6707818930041153,0.6317829457364341,0.6506986027944112,0.7229166666666667,0.01801812359203302
Decision Tree,0.6833333333333333,0.6223021582733813,0.6705426356589147,0.6455223880597015,0.6883333333333334,0.018190733294119226
