model,accuracy,precision,recall,f1_score,cv_mean,cv_std
Logistic Regression,0.68,0.6727272727272727,0.7254901960784313,0.6981132075471698,0.6725,0.020000000000000007
Random Forest,0.76,0.813953488372093,0.6862745098039216,0.7446808510638298,0.7275,0.031024184114977163
Decision Tree,0.74,0.7659574468085106,0.7058823529411765,0.7346938775510204,0.73,0.03674234614174765
