model,test_f1,test_accuracy,validation_f1,f1_improvement
RF_Comprehensive,0.7640449438202247,0.79,0.6031746031746031,0.019364092756394946
RF_Optuna,0.7727272727272727,0.8,0.5901639344262295,0.028046421663442955
loan_model,0.7391304347826086,0.76,0.6329113924050633,-0.005550416281221104
